Account,Password,Shop Name
"nguyenthoian","nguyenthoian","My Store"
"nguyenthoian","nguyenthoian","My"
"nguyenthoian","nguyenthoian","My"
"nguyenthoian1","nguyenthoian","My store"
"nguyenthoian1","nguyenthoian","My store"
"asdfasdfasf","asdfasdfasdf","asfasdfasdf"
"asdfasdfasf","asdfasdfasdf","asfasdfasdf"
"asdfasdfasf","asdfasdfasdf","asfasdfasdf"
"asdfasdfasf","asdfasdfasdf","asfasdfasdf"
"asdfasdfasf","asdfasdfasdf","asfasdfasdf"
"asdfasdfasf","asdfasdfasdf","asfasdfasdf"
"asdfasdfasf","asdfasdfasdf","asfasdfasdf"
"asdfasdfasf","asdfasdfasdf","asfasdfasdf"
"asdfasdfasf","asdfasdfasdf","asfasdfasdf"
"asdfasdfasf","asdfasdfasdf","asfasdfasdf"
"asdfasdfasf","asdfasdfasdf","asfasdfasdf"
"SDfsfasdf@","dfsdfasfdas","sdfasfdsaf"
"asdfasf","asdfasdfdsaf","asdfasdfa"
"@@@@","dfasdfadsf","asfdasffd"
"@@@@","dfasdfadsf","asfdasffd"
"@@@@","dfasdfadsf","asfdasffd"
"@@@@","dfasdfadsf","asfdasffd"
"@@@@","dfasdfadsf","asfdasffd"
"@@@@2","adsfadsfdasf","sadfasdf"
